refund_id,payment_id,amount_inr,speed_requested,speed_processed,status,created_at_utc
rfnd_T2NPfFdY7BdV0W,pay_T2NP0qbNSqOVuT,500.0,optimum,normal,processed,2026-06-16 16:57:25Z
rfnd_T2NNCvWqbCbPLu,pay_T2NMFmyQAjr6rM,500.0,optimum,normal,processed,2026-06-16 16:55:05Z
rfnd_T0lqLg4UWgkXM9,pay_T0lqIOQfcDKRPz,300.0,optimum,normal,processed,2026-06-12 15:33:19Z
rfnd_T0ifEEhEj78Bgn,pay_T0ieP6QBlnSZH3,5.0,optimum,normal,processed,2026-06-12 12:26:42Z
rfnd_T0ieMaX95tE9Ze,pay_T0idWbqFDr1UzV,5.0,optimum,normal,processed,2026-06-12 12:25:53Z
rfnd_T0id07dloqU33y,pay_T0ibnVlkIDSej1,5.0,optimum,normal,processed,2026-06-12 12:24:36Z
rfnd_T0iYy6r7v6WJTe,pay_T0iYpkfobCwhG4,5.0,optimum,normal,processed,2026-06-12 12:20:47Z
rfnd_T0iTndDtSHqCMx,pay_T0iSyMhJ7kaiPt,5.0,optimum,normal,processed,2026-06-12 12:15:53Z
rfnd_T0hfjlvjyVvCI7,pay_T0hRvaoVKsxm5e,50.0,optimum,normal,processed,2026-06-12 11:28:30Z
rfnd_T0KoJmGCNnNEDF,pay_T0KnWmkP3qbgSi,300.0,optimum,normal,processed,2026-06-11 13:06:40Z
rfnd_T0KlXIOvpmvtMp,pay_T0Kkh02VQpyp3F,300.0,optimum,normal,processed,2026-06-11 13:04:02Z
rfnd_T0KNmqLqHhIi9l,pay_T0KNjw9AZh2O6a,5.0,optimum,normal,processed,2026-06-11 12:41:33Z
rfnd_SzwUs4fjlOSfZ9,pay_SzwTgCGLjNu1U4,1.0,optimum,normal,processed,2026-06-10 13:19:36Z
rfnd_SzXZj6pwkJjZaI,pay_SzXZgKD0ncqMd6,10.0,optimum,normal,processed,2026-06-09 12:56:52Z
rfnd_SvfonZoMokTjnE,pay_Svfo4ro6iIOejL,250.0,optimum,normal,processed,2026-05-30 18:24:40Z
rfnd_SvfgEAzYDfR1xw,pay_SvffTT0JGLMwXB,500.0,optimum,normal,processed,2026-05-30 18:16:34Z
rfnd_SvBFJJEaIYEOh6,pay_SvBE8BkOyqnbuM,5.0,optimum,normal,processed,2026-05-29 12:30:16Z
rfnd_SvB851ZCmW9C82,pay_SvB6tyX0vrOHxJ,5.0,optimum,normal,processed,2026-05-29 12:23:26Z
rfnd_T4PlGBp63WRxG7,pay_T4Piyr82f6dJ4k,50.0,optimum,normal,processed,2026-06-21 20:33:15Z
rfnd_T4PclKVn4A2nOt,pay_T4PaW7clzihWE8,50.0,optimum,normal,processed,2026-06-21 20:25:12Z
rfnd_T4PXrTUxIgTZvo,pay_T4PVcFCpe2ZpNR,150.0,optimum,normal,processed,2026-06-21 20:20:34Z
rfnd_T4Cmxn8wRgJZCm,pay_T4CkiH2ukdB7JQ,5.0,optimum,normal,processed,2026-06-21 07:51:50Z
rfnd_T2chnVBCbT9aR7,pay_T2cgugh3Wub2Xj,5.0,optimum,normal,processed,2026-06-17 07:54:59Z
rfnd_T2Y2punOoM6oj5,pay_T2Y1z86kRL8Ooe,25.0,optimum,normal,processed,2026-06-17 03:21:26Z
rfnd_T2Y0yfX1c6NNE0,pay_T2Xzo0IEknqPgs,25.0,optimum,normal,processed,2026-06-17 03:19:40Z
rfnd_T2XqZAIsEnt6g6,pay_T2XpPpXtdMjAUx,1.0,optimum,normal,processed,2026-06-17 03:09:49Z
rfnd_T2BqIDq6GgUA0c,pay_T2Bp66lZTlcnfd,80.0,optimum,normal,processed,2026-06-16 05:38:18Z
rfnd_T1py1wPHrsoLBQ,pay_T1pxheOUmcQJla,5.0,optimum,normal,processed,2026-06-15 08:14:22Z
rfnd_T1DvnWuDG5wteg,pay_T1DucFtDjM0cla,10.0,optimum,normal,processed,2026-06-13 19:01:53Z
rfnd_T0DkWy5wFDbLsY,pay_T0DjKv4qrhgfA0,40.0,optimum,normal,processed,2026-06-11 06:12:13Z
rfnd_T0DiPExKeXvnzA,pay_T0DhE9dW2dyIjj,40.0,optimum,normal,processed,2026-06-11 06:10:13Z
rfnd_T0Dgt6lafyXR6T,pay_T0DfhsSnAZzVQ0,40.0,optimum,normal,processed,2026-06-11 06:08:46Z
rfnd_SzTM6dqNTOEINU,pay_SzTKvla8vlRQmr,30.0,optimum,normal,processed,2026-06-09 08:49:12Z
rfnd_SysUQakIATE1U7,pay_SysUMpukWcECGL,150.0,optimum,normal,processed,2026-06-07 20:45:25Z
rfnd_Sx0afuiwPu4wRZ,pay_Sx0adGuT3DYBeQ,25.0,optimum,normal,processed,2026-06-03 03:22:52Z
rfnd_SwkhPkbmUjE0Kg,pay_SwkgDeNSTtVgCb,65.0,optimum,normal,processed,2026-06-02 11:50:09Z
rfnd_Swde4Q6uysBfY3,pay_SwdcgZtatkH9V6,100.0,optimum,normal,processed,2026-06-02 04:56:08Z
rfnd_SuoXPcwhVS2GtS,pay_SuoXG8lATGMqOP,130.0,optimum,normal,processed,2026-05-28 14:17:27Z
rfnd_SuHzlJ60jbQokb,pay_SuHuQBplqGcwvK,25.0,optimum,normal,processed,2026-05-27 06:27:24Z
rfnd_SrvNGHOFXWCHyh,pay_SrvHvaqvjNp8Wz,50.0,optimum,normal,processed,2026-05-21 07:01:42Z
